INSERT INTO subgenres (id, name) VALUES (1, "Science Fiction");
INSERT INTO subgenres (id, name) VALUES (2, "Fantasy");
INSERT INTO authors (id, name) VALUES (1, "Orson Scott Card");
INSERT INTO authors (id, name) VALUES (2, "J. D. Robb");
INSERT INTO series (id, name, author_id, subgenre_id) VALUES (1, "Enders Universe", 1, 1);
INSERT INTO series (id, name, author_id, subgenre_id) VALUES (2, "In Death", 2, 2);
INSERT INTO books (id, title, year, series_id) VALUES (1, "Ender's Game", 1980, 1);
INSERT INTO books (id, title, year, series_id) VALUES (2, "Speaker of the Dead", 1982, 1);
INSERT INTO books (id, title, year, series_id) VALUES (3, "Ender's Shadow", 1985, 1);
INSERT INTO books (id, title, year, series_id) VALUES (4, "Naked in Death", 1980, 2);
INSERT INTO books (id, title, year, series_id) VALUES (5, "Tragedy in Death", 1981, 2);
INSERT INTO books (id, title, year, series_id) VALUES (6, "Valiant in Death", 1984, 2);
INSERT INTO characters (id, name, motto, species, author_id, series_id) VALUES (1, "Ender Wiggins", "No clue", "Human", 1, 1);
INSERT INTO characters (id, name, motto, species, author_id, series_id) VALUES (2, "Peter Wiggins", "I am better than you", "Human", 1, 1);
INSERT INTO characters (id, name, motto, species, author_id, series_id) VALUES (3, "Giant", "No clue", "Human", 1, 1);
INSERT INTO characters (id, name, motto, species, author_id, series_id) VALUES (4, "Queen", "Blah clue", "Formix", 1, 1);
INSERT INTO characters (id, name, motto, species, author_id, series_id) VALUES (5, "Lt. Eve Dallas", "Buddy", "Human", 2, 2);
INSERT INTO characters (id, name, motto, species, author_id, series_id) VALUES (6, "Howard Roark", "Darling Eve", "Human", 2, 2);
INSERT INTO characters (id, name, motto, species, author_id, series_id) VALUES (7, "Crack", "Hey there white girl", "Human", 2, 2);
INSERT INTO characters (id, name, motto, species, author_id, series_id) VALUES (8, "Somebody", "Nada", "Human", 2, 2);
INSERT INTO character_books(id, character_id, book_id) VALUES (1, 1, 1);
INSERT INTO character_books(id, character_id, book_id) VALUES (2, 1, 2);
INSERT INTO character_books(id, character_id, book_id) VALUES (3, 1, 3);
INSERT INTO character_books(id, character_id, book_id) VALUES (4, 2, 1);
INSERT INTO character_books(id, character_id, book_id) VALUES (5, 2, 2);
INSERT INTO character_books(id, character_id, book_id) VALUES (6, 2, 3);
INSERT INTO character_books(id, character_id, book_id) VALUES (7, 3, 3);
INSERT INTO character_books(id, character_id, book_id) VALUES (8, 4, 2);
INSERT INTO character_books(id, character_id, book_id) VALUES (9, 5, 1);
INSERT INTO character_books(id, character_id, book_id) VALUES (10, 5, 2);
INSERT INTO character_books(id, character_id, book_id) VALUES (11, 5, 3);
INSERT INTO character_books(id, character_id, book_id) VALUES (12, 6, 1);
INSERT INTO character_books(id, character_id, book_id) VALUES (13, 6, 2);
INSERT INTO character_books(id, character_id, book_id) VALUES (14, 6, 3);
INSERT INTO character_books(id, character_id, book_id) VALUES (15, 7, 1);
INSERT INTO character_books(id, character_id, book_id) VALUES (16, 8, 2);